{"selected_label": 181, "palette_page": 18, "zoom": 0.2744000000000001, "pan": [22.796799999999735, -236.1668704348943]}