{"selected_label": 181, "palette_page": 18, "zoom": 1.501946444340135, "pan": [-1650.5780810864774, -1461.935735948713]}