{"selected_label": 1, "palette_page": 0, "zoom": 0.43076923076923085, "pan": [-37.00000000000005, 29.959999999999894]}