{"selected_label": 1, "palette_page": 0, "zoom": 0.38461538461538464, "pan": [19.99999999999995, 79.99999999999994]}