{"selected_label": 9, "palette_page": 0, "zoom": 0.2412307692307695, "pan": [28.775999999998703, 5.623999999999228]}