{"selected_label": 1, "palette_page": 0, "zoom": 0.2604166666666667, "pan": [249.47916666666666, 40.0]}