{"selected_label": 1, "palette_page": 0, "zoom": 0.27350427350427353, "pan": [19.999999999999943, 80.0]}