{"selected_label": 1, "palette_page": 0, "zoom": 0.4013377926421405, "pan": [20.000000000000078, 79.99999999999991]}