{"selected_label": 1, "palette_page": 0, "zoom": 0.2755453501722158, "pan": [21.0000000000003, 71.52238805970153]}